<?xml version="1.0" encoding="UTF-8"?>
<!DOCTYPE mapper
  PUBLIC "-//mybatis.org//DTD Mapper 3.0//EN"
  "http://mybatis.org/dtd/mybatis-3-mapper.dtd">



<mapper namespace="classInfo">


	<resultMap type="java.util.Map" id="classin">
		<result property="cname" column="cname" />
		<result property="cordinal" column="cordinal" />
		<result property="cnum" column="cnum" />
		<result property="cbegin" column="cbegin" />
		<result property="cend" column="cend" />
		<result property="totaldays" column="totaldays" />
		<result property="adname" column="adname" />
	</resultMap>

	<select id="classlist" resultMap="classin">
		select c.cname cname, c.cbegin
		cbegin,c.cend cend,c.totaldays totaldays,t.adname adname,c.cnum cnum,c.cordinal cordinal
		from class
		c,teacher t
		where c.tnum = t.tnum
	</select>


	<select id="myclasslist" parameterType="String"
		resultMap="classin">
		select c.cname cname, c.cbegin
		cbegin,c.cend cend,c.totaldays
		totaldays,t.adname adname,c.cnum cnum,c.cordinal cordinal
		from class
		c,teacher t
		where c.tnum = t.tnum
		and adid = #{id}
	</select>

	<select id="clogcheck" parameterType="hashmap" resultType="int">

		select count(*)
		from teacher
		where adid=#{id} and adpwd=#{pwd}


	</select>

    <select id="classviewer" parameterType="int" resultType="svo">
	select sname,smail,saddr,sphone,smajor,sgender from student where cnum=#{cnum}
    </select>

    <insert id="addclass" parameterType="cvo">
    insert into class values(cnum_seq.nextval,#{cname},cordinal_seq.nextval,#{croom},#{cbegin},#{cend},#{tnum},10)
    </insert> 
     
     
</mapper>